dataset_size,algorithm,metric,Gauss_mean,Cauchy_mean,MoG_mean,Gam_mean,Gauss_ci95,Cauchy_ci95,MoG_ci95,Gam_ci95
100000,ctd,w1,0.31630170044946737,1.1088146601943802,0.6247747529742804,0.380354872688876,0.0027537589174504006,0.06499585729923575,0.029701701003400353,0.0028319935946845213
100000,ctd,cramer_l2,0.03786350521905834,0.13324499277825605,0.08900034302897791,0.04273659039773609,0.0009350445820562156,0.017337061421189567,0.00804104622751055,0.0011370296047497623
100000,ctd,cf_l2_w,0.031389411506031396,0.10458029117824046,0.07589717685309663,0.03535112317690375,0.0011161912135751958,0.013202612091391685,0.007524025344968153,0.0015766274333842178
100000,qtd,w1,0.24310526512416297,0.9129524644764409,0.5733007292562815,0.29889795512073847,0.0168056381384582,0.033073047699451394,0.017285711276536102,0.019704763231766422
100000,qtd,cramer_l2,0.01803158741913074,0.10251186876780134,0.08050114328794264,0.022500477289979323,0.0026402641193602324,0.008590115109848594,0.004290192128722788,0.003182164742650542
100000,qtd,cf_l2_w,0.017271821885324577,0.08650962116896586,0.07654224724990684,0.021437214193745578,0.002489177274644878,0.0076334238876532585,0.004178333934746858,0.0030938045136047142
100000,dirac,w1,0.15431732314239915,0.6058138187419317,0.29732933412302265,0.17741128824291122,0.015152811337071371,0.10506457719161758,0.08430073131111679,0.018690389475703888
100000,dirac,cramer_l2,0.006701682999763587,0.04120071811178362,0.01707524280201434,0.005571123798848407,0.0014249090102640247,0.014973434681470906,0.007391893900074747,0.0016017869244866394
100000,dirac,cf_l2_w,0.0058200767143469605,0.033417761572700835,0.014870162939786574,0.004744067488084887,0.0013117295955224224,0.013085160370013203,0.006419953003194029,0.0016602621633581528
100000,phi_cat,w1,0.2948482248600709,0.7977751670969065,0.470291760746626,0.32768939828595733,0.006801821270768283,0.05717687638587238,0.04566276140344615,0.008579357123672063
100000,phi_cat,cramer_l2,0.02992012126190548,0.08336170606748408,0.051541672461540976,0.029963996304274654,0.0014162580743015637,0.014598215395558587,0.005322539890002033,0.0009454036808609818
100000,phi_cat,cf_l2_w,0.02399222302525491,0.06328169905328837,0.04425665037988813,0.024226742969683558,0.001252970947977398,0.009076646222784772,0.0052977105197296905,0.0009273053073907967
100000,phi_qt,w1,0.16063035745506682,0.37748046067126545,0.1983904033677441,0.17472652134861638,0.01674625697070758,0.06687342905667407,0.021694049853451837,0.01862343155851472
100000,phi_qt,cramer_l2,0.006944047773447734,0.012078796436524621,0.009710890232257663,0.005110034229503208,0.0013493778779849763,0.0050515718511609745,0.0040571542187856375,0.00113567769883944
100000,phi_qt,cf_l2_w,0.0062774123741695595,0.011349197886850947,0.009232687892894218,0.004431789535954961,0.001260668256616371,0.004792530377969153,0.004072953871067691,0.0009531344453815123
200000,ctd,w1,0.29186257377196134,0.6592017078078587,0.4571835719090053,0.3310879726340254,0.005291883979152033,0.010298207882409966,0.022104345188883084,0.004407870232216071
200000,ctd,cramer_l2,0.030142786389508274,0.048593059964799144,0.05131095656537495,0.031193162439878807,0.001346926569689673,0.0022341287675956387,0.002746696266787429,0.0014164683107115476
200000,ctd,cf_l2_w,0.024027078790748047,0.03875279545378632,0.04395305231759013,0.025421931462116288,0.00023079812939418644,0.001461540120819574,0.0037349161859612664,0.000502420680171279
200000,qtd,w1,0.22134416079118874,0.556871877790735,0.42335019964140974,0.2565053708505407,0.01664614925743892,0.02509694346885017,0.025192439464386786,0.016142303945763714
200000,qtd,cramer_l2,0.013019530130234038,0.03549201463552441,0.04840425041384883,0.014461386195601241,0.0019762847028829953,0.002917371383504779,0.005335868521657089,0.0023416545440088305
200000,qtd,cf_l2_w,0.012573352505500327,0.03166171892577903,0.0473281648902522,0.013818944477455885,0.0019073189244215919,0.0028754558788864617,0.00523619302388505,0.002059685389151031
200000,dirac,w1,0.1428875432969549,0.48307017499789734,0.2512741231176044,0.17875172239399637,0.018447929330773164,0.06335206990529145,0.06263998226130532,0.01759311517428289
200000,dirac,cramer_l2,0.005542812745376398,0.01836777092067817,0.012330975533307012,0.005541235922554153,0.0018702814918786675,0.0032227524577645283,0.0036753267180962873,0.0016425058401896143
200000,dirac,cf_l2_w,0.004797509581978743,0.015346478377413538,0.011052898137696417,0.004843660729429001,0.0018673276881823444,0.0028149896669577403,0.003348293853231163,0.00160712846484967
200000,phi_cat,w1,0.2898448863685933,0.4937019987172576,0.40343117958306,0.3180927192616353,0.006282011386126709,0.04588757810207119,0.05148648249418241,0.009336059431000188
200000,phi_cat,cramer_l2,0.028114352888289035,0.03139754364924283,0.03938579219136423,0.028931666153369267,0.001609963522320974,0.007322586358659713,0.0034140459217480994,0.0014216586978821465
200000,phi_cat,cf_l2_w,0.022347930884342747,0.026011672736473385,0.03414773144415159,0.02284379184743472,0.0015220384307288743,0.005369179918151077,0.003802075409091621,0.000705689894901057
200000,phi_qt,w1,0.15167717712987644,0.3521035719755316,0.2040129057407778,0.1670363531548133,0.021315734248976488,0.035566194386783774,0.027535885712175346,0.0165852710315524
200000,phi_qt,cramer_l2,0.005731074700963979,0.009317543480746603,0.008978390532271905,0.004331853307998087,0.0015699625057699028,0.0022563072426293736,0.001905306427279505,0.0011896567339007257
200000,phi_qt,cf_l2_w,0.005105360183602999,0.008819342177942037,0.00851008260839388,0.003754093460455956,0.0014252229469187952,0.0025266397426478874,0.0018574563851617364,0.0010800577135636263
300000,ctd,w1,0.2871687982631662,0.5116854691272252,0.3841967292922252,0.32192227571617016,0.006053647870389693,0.017067103303653377,0.017986240380559727,0.005853424383002188
300000,ctd,cramer_l2,0.028429936952214456,0.03075504471295006,0.04106947673018387,0.029504764685379707,0.0016291300081840725,0.0020359839249587497,0.001555109254559224,0.0006176942595474327
300000,ctd,cf_l2_w,0.02226752438638515,0.024990501663902744,0.03445154208295058,0.023551976249171293,0.0004973408085404368,0.0013877370829489019,0.0018295324604826412,0.0007356321538110929
300000,qtd,w1,0.2011778576664071,0.46388719401027617,0.40276811521103867,0.2512101130181863,0.020192916843483254,0.02503916855091101,0.018565287278761635,0.018761225154319123
300000,qtd,cramer_l2,0.01010564427768175,0.02362975050551505,0.04633346592789427,0.013776154429677018,0.002195007100007784,0.003095871764279689,0.0042044821273318775,0.003655592544267439
300000,qtd,cf_l2_w,0.009751870615540458,0.022298894552983825,0.0458413505122071,0.01323407321253156,0.002183133220656516,0.003052470435822479,0.004226517381562766,0.00329585873073986
300000,dirac,w1,0.15168074519832628,0.43900653910446674,0.25139488041922203,0.1665249310366787,0.021968718232530604,0.07766599028878372,0.10651279297892731,0.016330686986809638
300000,dirac,cramer_l2,0.0066499069557206456,0.015417506722266388,0.013568889140573592,0.004660474513406105,0.0029470578302106336,0.004986404994786715,0.012776316462808067,0.0011303488060924142
300000,dirac,cf_l2_w,0.00578971616002003,0.012926603147239115,0.012395820892167397,0.0038239984165332488,0.0027164133969990014,0.0044824159233649115,0.01246650854448558,0.0010178463786185846
300000,phi_cat,w1,0.2923884439430706,0.44651886346810654,0.37218746100420796,0.3182438667810092,0.006772418063192705,0.013254702765460633,0.04243168530660262,0.006354656783832935
300000,phi_cat,cramer_l2,0.028889393620673203,0.02446550062197573,0.0364635434638785,0.028554279507042035,0.0014436243704607971,0.001980374204680981,0.0018277648147815957,0.0011140362985891273
300000,phi_cat,cf_l2_w,0.022596257756481813,0.020734521243980918,0.031425953352504477,0.02281444052754607,0.0008939722453247973,0.0017844919949396992,0.0023607115370927823,0.0012121357306236424
300000,phi_qt,w1,0.15093422768732134,0.3711238118654771,0.18922085785313364,0.15745064891778843,0.03197476596918035,0.020094020262877307,0.0179473410071806,0.015048384948346516
300000,phi_qt,cramer_l2,0.006027115392918313,0.009432094254014109,0.007822898975551237,0.003725490406684006,0.0031251941805125567,0.0016764326594843595,0.0013448265907167348,0.0011687786413560619
300000,phi_qt,cf_l2_w,0.0053852383039589835,0.008581992341835492,0.007326026503635415,0.0030983235858353256,0.002971281925595037,0.0017397650925387678,0.0013043860500765274,0.0011237132277036284
400000,ctd,w1,0.28312904036451264,0.45142710993121016,0.35116088404593143,0.31742628258881367,0.0035523869155458564,0.017863085420775165,0.008344784029555187,0.0033600703380938356
400000,ctd,cramer_l2,0.027483175091833494,0.0249066439416184,0.03729340913267155,0.028800870062977102,0.0011459532528340394,0.0021300222635283,0.0014679869744993234,0.0013823314107008617
400000,ctd,cf_l2_w,0.0211512077535041,0.020104162827306864,0.03156846088410677,0.022915630559064797,0.00023446047663894517,0.0013362948136817461,0.0008135668471983268,0.0005470107121324144
400000,qtd,w1,0.20648713068872313,0.40705749434630245,0.38206333863815845,0.2516501663018092,0.009845751270819708,0.02491913935851503,0.03483358428845658,0.01812271565840503
400000,qtd,cramer_l2,0.010297426799290216,0.017308105450973,0.04209819998580062,0.013504694897148613,0.0010542297868991522,0.0032323810967712593,0.009133824236462973,0.0034766888329738586
400000,qtd,cf_l2_w,0.010033854918622857,0.016546310751193883,0.041712306647907295,0.012994240354784099,0.0010481980866119964,0.003168590113784554,0.009124899468199787,0.003136481254236378
400000,dirac,w1,0.13618551121313965,0.45165399743970236,0.23136258649462577,0.1789994446484875,0.006349219119392553,0.07916725219345128,0.04597443854551819,0.02580231587303765
400000,dirac,cramer_l2,0.00508620512475858,0.017023686653650418,0.01095987550461854,0.005498130263966283,0.00044576981983590586,0.005367057759837998,0.0021809927856533446,0.00207428546900372
400000,dirac,cf_l2_w,0.004408809413252282,0.015114601394837815,0.009874297324113355,0.004608419767439415,0.00045954481432938717,0.005308386545014087,0.0019250966797335622,0.0017369106009958951
400000,phi_cat,w1,0.2886799974744382,0.4228821597245612,0.36552322390499137,0.31911753837915624,0.0057484668350818394,0.04099808361642953,0.033282464458771165,0.006053786677943612
400000,phi_cat,cramer_l2,0.028078967820784125,0.022508816636493522,0.03633595535489999,0.028983036323273915,0.0013701810662314967,0.001812278853222099,0.0021220361816617094,0.001523025399622067
400000,phi_cat,cf_l2_w,0.022002131297529034,0.019709292983045596,0.031009942067255897,0.023080909521370235,0.0005032696853597481,0.002417953022896377,0.0017714558189926531,0.0006297916102348664
400000,phi_qt,w1,0.1366988099159356,0.3888732638823903,0.20664285770289897,0.16348328968764964,0.01211015298308069,0.03737111242770802,0.023645890940067936,0.01780808054107494
400000,phi_qt,cramer_l2,0.004599794905821944,0.010705038498380209,0.008992968057052995,0.0044906337599322915,0.0009809745100850802,0.0010234617966149936,0.002419573361967645,0.001510829220705538
400000,phi_qt,cf_l2_w,0.004063913094826299,0.009750172033922451,0.008469485176772604,0.003995722412239785,0.001019928527182946,0.001622674272941205,0.0023588831665802557,0.0015534779345999635
500000,ctd,w1,0.28283676975236266,0.406949167996398,0.34971873885168664,0.3142295334566486,0.00370239657201216,0.005200239556543327,0.0156815282330617,0.0033392795955591924
500000,ctd,cramer_l2,0.027144456875162464,0.02145561314830296,0.03721047772241569,0.02817167554023863,0.0009993448251722288,0.0005737453861202445,0.0016817291929073536,0.0011597369755754993
500000,ctd,cf_l2_w,0.021075554854984312,0.01707495021767226,0.03090876707935351,0.022234003285959633,0.0001669932069074651,0.0005815126958717636,0.0009551360007717303,0.00041395387873640764
500000,qtd,w1,0.2001804563250696,0.3983052555865573,0.36503324552499833,0.24740672160501584,0.011029446330585975,0.02283168813236453,0.04167130915728817,0.02026627627702159
500000,qtd,cramer_l2,0.009577540195544593,0.016968380693093192,0.03881066954875782,0.013643730334666388,0.0011464631060550635,0.0031695404933219495,0.009654660844853618,0.003528774257623152
500000,qtd,cf_l2_w,0.009253431257945526,0.01652466543819956,0.03850007384963898,0.01307301764452461,0.001190901030316457,0.0032470130434150675,0.009626452818853541,0.0032020081210960283
500000,dirac,w1,0.1324316645637853,0.43173116807111833,0.22952735933848153,0.15531284618223754,0.015231891885230199,0.05135738969213203,0.04640340361921567,0.0069776911524309935
500000,dirac,cramer_l2,0.004635103684103528,0.013921566816991937,0.010263033669461812,0.0037659970652369366,0.0012779499363995673,0.004798688191862147,0.0013503065465157965,0.000377489432181335
500000,dirac,cf_l2_w,0.0039323182630914225,0.011650723065912397,0.009165494491497384,0.0030500832333095946,0.00127202454741206,0.004932771332279856,0.0009581962612848928,0.00040496054042182925
500000,phi_cat,w1,0.2885957551760932,0.4218306268365061,0.3470672403900535,0.31717105795181777,0.006335202753354558,0.04778409948441866,0.03892804188340824,0.0023611266054587247
500000,phi_cat,cramer_l2,0.028293310283085654,0.022430697829044742,0.035295842289797666,0.028103692846373048,0.0018762346430304985,0.0034257161401444317,0.0008907347226673832,0.0006287311439278099
500000,phi_cat,cf_l2_w,0.022102511174914567,0.01836757808415903,0.02994567592594341,0.02257455307370572,0.0014704286433737277,0.002137448218619663,0.0013711361653640846,0.0007206921256118536
500000,phi_qt,w1,0.14383464708614438,0.38332449610037217,0.18942627564753853,0.1674921506244152,0.017854928081722378,0.045780166509129305,0.013114065841777938,0.02498732697692686
500000,phi_qt,cramer_l2,0.0052540800397197236,0.010217219477251804,0.008621396655599984,0.004322351896508314,0.00150435137074733,0.0027488720145260703,0.0005604564452521725,0.0015741884020633542
500000,phi_qt,cf_l2_w,0.004624839121711325,0.009351661838300227,0.008133780743524676,0.003509317916508002,0.0013877293042218032,0.002905793437830478,0.0005600542434112939,0.0012589556078706002
